"MaritalStatus","Gender","Count*(CustomerKey)","Mean(Age)"
"M","F",3928,50.58834012219957
"M","M",4476,50.4175603217158
"S","F",3653,45.57651245551598
"S","M",3110,45.09003215434077
